cohort_year,Average SIP Amount,Total Invested,Top Fund,Fund Investment
2024,10996.885825361911,3491125187,102885,100126141
2025,13505.209580838324,30455243,119599,1478507
